-- Patients
INSERT INTO Patients (patient_id, name, contact) VALUES 
	(1, 'Celina Azema', '221-988-2537'),
	(2, 'Sande Gossan', '720-735-2886'),
	(3, 'Trudi Charlotte', '247-355-7497'),
	(4, 'Ellswerth Drewry', '793-838-2520'),
	(5, 'Tadio McMylor', '136-716-7625'),
	(6, 'Free Salvidge', '423-589-2558'),
	(7, 'Salem de Keyser', '565-553-0884'),
	(8, 'Stevena Jeynes', '994-299-7217'),
	(9, 'Claiborne Bates', '812-357-1030'),
	(10, 'Anet Vale', '396-678-3097'),
	(11, 'Hettie Dorey', '674-629-2496'),
	(12, 'Erina Brimble', '217-776-4742'),
	(13, 'Susi Tomankiewicz', '285-366-8666'),
	(14, 'Junina Seatter', '974-362-8654'),
	(15, 'Marlo McPhee', '147-950-4799'),
	(16, 'Harmony Harrington', '591-119-0730'),
	(17, 'Rudolfo Dewey', '982-924-5710'),
	(18, 'George Duly', '697-117-6410'),
	(19, 'Morry Cartan', '103-126-3458'),
	(20, 'Teena Guitt', '802-208-2292');

-- Doctors
INSERT INTO Doctors (doctor_id, name, specialty, available) VALUES 
	(1, 'Maddie Laneham', 'Dermatology', false),
	(2, 'Christoffer Netting', 'Cardiology', false),
	(3, 'Glen Stanney', 'Pediatrics', true),
	(4, 'Skipper Espino', 'Pediatrics', true),
	(5, 'Vern Crackett', 'Orthopedics', true),
	(6, 'Yankee O''Hickey', 'Pediatrics', false),
	(7, 'Elnore Rice', 'Orthopedics', true),
	(8, 'Charles Mulrenan', 'Orthopedics', false),
	(9, 'Garold Pearman', 'Orthopedics', true),
	(10, 'Marylinda Beardwell', 'Dermatology', false);

-- Appointments
INSERT INTO Appointments (appointment_id, patient_id, doctor_id, date, start_time, end_time) 
VALUES 
	(1, 9, 5, '2024-10-24', '09:00', '12:00'),
	(2, 15, 6, '2024-10-30', '12:00', '15:00'),
	(3, 19, 4, '2024-10-17', '11:00', '13:00'),
	(4, 8, 4, '2024-10-26', '11:00', '09:00'),
	(5, 17, 1, '2024-10-28', '16:00', '12:00'),
	(6, 13, 10, '2024-10-12', '13:00', '15:00'),
	(7, 19, 2, '2024-10-15', '14:00', '10:00'),
	(8, 11, 1, '2024-10-17', '14:00', '09:00'),
	(9, 1, 5, '2024-10-15', '14:00', '09:00'),
	(10, 2, 6, '2024-10-15', '11:00', '13:00'),
	(11, 13, 7, '2024-10-11', '16:00', '13:00'),
	(12, 17, 8, '2024-10-19', '11:00', '11:00'),
	(13, 9, 2, '2024-10-28', '12:00', '16:00'),
	(14, 19, 8, '2024-10-18', '11:00', '16:00'),
	(15, 14, 8, '2024-10-21', '14:00', '10:00'),
	(16, 11, 5, '2024-10-27', '11:00', '10:00'),
	(17, 1, 7, '2024-10-13', '10:00', '11:00'),
	(18, 13, 8, '2024-10-12', '14:00', '09:00'),
	(19, 13, 1, '2024-10-24', '15:00', '13:00'),
	(20, 18, 7, '2024-10-11', '15:00', '09:00'),
	(21, 5, 9, '2024-10-05', '14:00', '09:00'),
	(22, 15, 8, '2024-10-28', '12:00', '14:00'),
	(23, 9, 9, '2024-10-10', '16:00', '12:00'),
	(24, 1, 1, '2024-10-21', '12:00', '10:00'),
	(25, 15, 4, '2024-10-21', '13:00', '12:00'),
	(26, 15, 3, '2024-10-11', '10:00', '14:00'),
	(27, 18, 9, '2024-10-11', '16:00', '11:00'),
	(28, 14, 5, '2024-10-26', '10:00', '11:00'),
	(29, 9, 5, '2024-10-07', '15:00', '14:00'),
	(30, 6, 9, '2024-10-12', '13:00', '09:00'),
	(31, 14, 9, '2024-10-21', '16:00', '14:00'),
	(32, 10, 5, '2024-10-21', '14:00', '13:00'),
	(33, 16, 10, '2024-10-06', '12:00', '10:00'),
	(34, 9, 6, '2024-10-20', '11:00', '13:00'),
	(35, 8, 4, '2024-10-25', '11:00', '10:00'),
	(36, 12, 5, '2024-10-06', '15:00', '13:00'),
	(37, 8, 4, '2024-10-12', '16:00', '14:00'),
	(38, 11, 6, '2024-10-21', '15:00', '14:00'),
	(39, 17, 3, '2024-10-17', '12:00', '10:00'),
	(40, 19, 1, '2024-10-19', '14:00', '16:00'),
	(41, 7, 9, '2024-10-26', '13:00', '16:00'),
	(42, 11, 6, '2024-10-18', '14:00', '09:00');

